file,class,method,constructor,line,cbo,cboModified,fanin,fanout,wmc,rfc,loc,returnsQty,variablesQty,parametersQty,methodsInvokedQty,methodsInvokedLocalQty,methodsInvokedIndirectLocalQty,loopQty,comparisonsQty,tryCatchQty,parenthesizedExpsQty,stringLiteralsQty,numbersQty,assignmentsQty,mathOperationsQty,maxNestedBlocksQty,anonymousClassesQty,innerClassesQty,lambdasQty,uniqueWordsQty,modifiers,logStatementsQty,hasJavaDoc
C:\Users\gnawa\Dropbox\Lewis University\OOP Assignment 1\booknotes\java\java-concurrency-in-practice\chapter-03\examples\src\main\java\Examples.java,NoVisibility,run/0,false,6,0,0,0,0,3,1,7,0,0,0,1,0,0,1,1,0,0,1,1,0,1,1,0,0,0,5,1,0,false
C:\Users\gnawa\Dropbox\Lewis University\OOP Assignment 1\booknotes\java\java-concurrency-in-practice\chapter-03\examples\src\main\java\Examples.java,NoVisibility,initialize/0,false,14,1,0,0,0,2,1,10,0,0,0,1,0,0,0,0,1,0,0,2,2,0,1,0,0,0,8,1,0,false
C:\Users\gnawa\Dropbox\Lewis University\OOP Assignment 1\booknotes\java\java-concurrency-in-practice\chapter-13\examples\src\main\java\Examples.java,InterruptibleLock,acquireLockInterruptibly/0,false,86,0,0,0,0,2,6,12,0,0,0,6,0,0,0,0,1,0,1,0,0,1,1,0,0,0,9,1,0,false
C:\Users\gnawa\Dropbox\Lewis University\OOP Assignment 1\booknotes\java\java-concurrency-in-practice\chapter-13\examples\src\main\java\Examples.java,InterruptibleLock,acquireLock/0,false,75,0,0,0,0,2,5,12,0,0,0,5,0,0,0,0,1,0,0,1,0,0,1,0,0,0,5,1,0,false
C:\Users\gnawa\Dropbox\Lewis University\OOP Assignment 1\booknotes\java\java-concurrency-in-practice\chapter-14\examples\src\main\java\Examples.java,ExplicitConditionQueue,ExplicitConditionQueue/1[int],true,69,0,0,0,0,1,0,3,0,0,1,0,0,0,0,0,0,0,0,0,1,0,0,0,0,0,4,1,0,false
C:\Users\gnawa\Dropbox\Lewis University\OOP Assignment 1\booknotes\java\java-concurrency-in-practice\chapter-14\examples\src\main\java\Examples.java,ExplicitConditionQueue,isEmpty/0,false,112,0,0,0,0,2,1,3,1,0,0,1,0,0,0,1,0,0,0,1,0,0,0,0,0,0,2,2,0,false
C:\Users\gnawa\Dropbox\Lewis University\OOP Assignment 1\booknotes\java\java-concurrency-in-practice\chapter-14\examples\src\main\java\Examples.java,ExplicitConditionQueue,pop/0,false,74,2,0,0,0,2,8,15,1,1,0,8,1,1,1,0,1,0,0,2,1,2,2,0,0,0,7,1,0,false
C:\Users\gnawa\Dropbox\Lewis University\OOP Assignment 1\booknotes\java\java-concurrency-in-practice\chapter-14\examples\src\main\java\Examples.java,ExplicitConditionQueue,getBound/0,false,107,1,0,0,0,1,0,3,1,0,0,0,0,0,0,0,0,0,0,0,0,0,0,0,0,0,3,1,0,false
C:\Users\gnawa\Dropbox\Lewis University\OOP Assignment 1\booknotes\java\java-concurrency-in-practice\chapter-14\examples\src\main\java\Examples.java,ExplicitConditionQueue,isFull/0,false,116,0,0,0,0,2,1,3,1,0,0,1,0,0,0,1,0,0,0,0,0,0,0,0,0,0,3,2,0,false
C:\Users\gnawa\Dropbox\Lewis University\OOP Assignment 1\booknotes\java\java-concurrency-in-practice\chapter-14\examples\src\main\java\Examples.java,ExplicitConditionQueue,push/1[T],false,92,1,0,0,0,2,6,13,0,0,1,6,1,1,1,0,1,0,0,0,0,0,2,0,0,0,7,1,0,false
C:\Users\gnawa\Dropbox\Lewis University\OOP Assignment 1\booknotes\java\java-concurrency-in-practice\chapter-11\examples\src\main\java\Examples.java,SmallLockScopeExample,"userLocationMatches/2[String,String]",false,35,1,0,0,0,2,2,8,2,1,2,2,0,0,0,1,0,0,0,0,1,0,1,0,0,0,7,1,0,false
C:\Users\gnawa\Dropbox\Lewis University\OOP Assignment 1\booknotes\java\java-concurrency-in-practice\chapter-11\examples\src\main\java\Examples.java,SmallLockScopeExample,"addUserLocation/2[String,String]",false,31,0,0,0,0,1,1,3,0,0,2,1,0,0,0,0,0,0,0,0,0,0,0,0,0,0,4,33,0,false
C:\Users\gnawa\Dropbox\Lewis University\OOP Assignment 1\booknotes\java\java-concurrency-in-practice\chapter-13\examples\src\main\java\Examples.java,TimeBudget,acquireLockWithTimeout/1[int],false,114,0,0,0,0,2,5,12,1,0,1,5,0,0,0,0,1,0,2,0,0,1,1,0,0,0,18,1,0,false
C:\Users\gnawa\Dropbox\Lewis University\OOP Assignment 1\booknotes\java\java-concurrency-in-practice\chapter-13\examples\src\main\java\Examples.java,TimeBudget,acquireLock/0,false,103,0,0,0,0,2,5,12,0,0,0,5,0,0,0,0,1,0,0,1,0,0,1,0,0,0,5,1,0,false
C:\Users\gnawa\Dropbox\Lewis University\OOP Assignment 1\booknotes\java\java-concurrency-in-practice\chapter-04\examples\src\main\java\Examples.java,UnsafeNumberRange,setLower/1[int],false,23,1,0,0,0,2,2,4,0,0,1,2,0,0,0,0,0,0,2,0,0,1,1,0,0,0,8,1,0,false
C:\Users\gnawa\Dropbox\Lewis University\OOP Assignment 1\booknotes\java\java-concurrency-in-practice\chapter-04\examples\src\main\java\Examples.java,UnsafeNumberRange,getUpper/0,false,31,0,0,0,0,1,1,3,1,0,0,1,0,0,0,0,0,0,0,0,0,0,0,0,0,0,2,1,0,false
C:\Users\gnawa\Dropbox\Lewis University\OOP Assignment 1\booknotes\java\java-concurrency-in-practice\chapter-04\examples\src\main\java\Examples.java,UnsafeNumberRange,setUpper/1[int],false,35,1,0,0,0,2,2,4,0,0,1,2,0,0,0,0,0,0,2,0,0,1,1,0,0,0,8,1,0,false
C:\Users\gnawa\Dropbox\Lewis University\OOP Assignment 1\booknotes\java\java-concurrency-in-practice\chapter-04\examples\src\main\java\Examples.java,UnsafeNumberRange,"UnsafeNumberRange/2[int,int]",true,14,1,0,0,0,1,0,4,0,0,2,0,0,0,0,0,0,0,0,0,2,0,0,0,0,0,7,1,0,false
C:\Users\gnawa\Dropbox\Lewis University\OOP Assignment 1\booknotes\java\java-concurrency-in-practice\chapter-04\examples\src\main\java\Examples.java,UnsafeNumberRange,getLower/0,false,19,0,0,0,0,1,1,3,1,0,0,1,0,0,0,0,0,0,0,0,0,0,0,0,0,0,2,1,0,false
C:\Users\gnawa\Dropbox\Lewis University\OOP Assignment 1\booknotes\java\java-concurrency-in-practice\chapter-13\examples\src\main\java\Examples.java,DeadlockPrevention,"withTimeout/2[Supplier<Boolean>,int]",false,53,2,0,0,0,4,6,17,1,3,2,6,0,0,1,0,1,1,0,4,3,3,2,0,0,0,15,2,0,false
C:\Users\gnawa\Dropbox\Lewis University\OOP Assignment 1\booknotes\java\java-concurrency-in-practice\chapter-13\examples\src\main\java\Examples.java,DeadlockPrevention,"doubleLock/2[Lock,Lock]",false,21,0,0,0,0,1,6,4,0,0,2,6,0,0,0,0,0,0,1,1,0,0,0,0,0,1,10,2,0,false
C:\Users\gnawa\Dropbox\Lewis University\OOP Assignment 1\booknotes\java\java-concurrency-in-practice\chapter-13\examples\src\main\java\Examples.java,DeadlockPrevention,"attemptLocks/2[Lock,Lock]",false,28,0,0,0,0,4,7,28,2,0,2,7,0,0,0,0,2,0,0,3,0,2,4,0,0,0,9,2,0,false
C:\Users\gnawa\Dropbox\Lewis University\OOP Assignment 1\booknotes\java\java-concurrency-in-practice\chapter-13\examples\src\main\java\Examples.java,DeadlockPrevention,leftRight/0,false,13,0,0,0,0,1,1,3,0,0,0,1,0,0,0,0,0,0,0,0,0,0,0,0,0,0,4,1,0,false
C:\Users\gnawa\Dropbox\Lewis University\OOP Assignment 1\booknotes\java\java-concurrency-in-practice\chapter-13\examples\src\main\java\Examples.java,DeadlockPrevention,rightLeft/0,false,17,0,0,0,0,1,1,3,0,0,0,1,0,0,0,0,0,0,0,0,0,0,0,0,0,0,4,1,0,false
C:\Users\gnawa\Dropbox\Lewis University\OOP Assignment 1\booknotes\java\java-concurrency-in-practice\chapter-11\examples\src\main\java\Examples.java,LockStripingExample,"addUserLocation/2[String,String]",false,52,0,0,0,0,1,1,3,0,0,2,1,0,0,0,0,0,0,0,0,0,0,0,0,0,0,4,1,0,false
C:\Users\gnawa\Dropbox\Lewis University\OOP Assignment 1\booknotes\java\java-concurrency-in-practice\chapter-11\examples\src\main\java\Examples.java,LockStripingExample,"userLocationMatches/2[String,String]",false,56,1,0,0,0,2,2,5,2,1,2,2,0,0,0,1,0,0,0,0,1,0,1,0,0,0,7,1,0,false
C:\Users\gnawa\Dropbox\Lewis University\OOP Assignment 1\booknotes\java\java-concurrency-in-practice\chapter-02\examples\src\main\java\Examples.java,SafeHitCounter,getHits/0,false,24,0,0,0,0,1,1,3,1,0,0,1,0,0,0,0,0,0,0,0,0,0,0,0,0,0,2,1,0,false
C:\Users\gnawa\Dropbox\Lewis University\OOP Assignment 1\booknotes\java\java-concurrency-in-practice\chapter-02\examples\src\main\java\Examples.java,SafeHitCounter,hit/0,false,28,0,0,0,0,1,1,3,0,0,0,1,0,0,0,0,0,0,0,0,0,0,0,0,0,0,1,1,0,false
C:\Users\gnawa\Dropbox\Lewis University\OOP Assignment 1\booknotes\java\java-concurrency-in-practice\chapter-01\examples\src\main\java\Examples.java,Examples$UnsafeSequence,getNext/0,false,5,0,1,1,0,1,0,3,1,0,0,0,0,0,0,0,0,0,0,0,0,0,0,0,0,0,3,1,0,false
C:\Users\gnawa\Dropbox\Lewis University\OOP Assignment 1\booknotes\java\java-concurrency-in-practice\chapter-11\examples\src\main\java\Examples.java,BigLockScopeExample,"userLocationMatches/2[String,String]",false,19,1,0,0,0,2,2,5,2,1,2,2,0,0,0,1,0,0,0,0,1,0,1,0,0,0,7,33,0,false
C:\Users\gnawa\Dropbox\Lewis University\OOP Assignment 1\booknotes\java\java-concurrency-in-practice\chapter-11\examples\src\main\java\Examples.java,BigLockScopeExample,"addUserLocation/2[String,String]",false,15,0,0,0,0,1,1,3,0,0,2,1,0,0,0,0,0,0,0,0,0,0,0,0,0,0,4,33,0,false
C:\Users\gnawa\Dropbox\Lewis University\OOP Assignment 1\booknotes\java\java-concurrency-in-practice\chapter-02\examples\src\main\java\Examples.java,UnsafeCache,setValue/1[int],false,48,0,0,0,0,2,3,5,0,0,1,3,0,0,0,0,0,0,0,2,0,1,1,0,0,0,3,1,0,false
C:\Users\gnawa\Dropbox\Lewis University\OOP Assignment 1\booknotes\java\java-concurrency-in-practice\chapter-02\examples\src\main\java\Examples.java,UnsafeCache,getValue/1[int],false,44,0,0,0,0,1,1,3,1,0,1,1,0,0,0,0,0,0,0,1,0,0,0,0,0,0,3,1,0,false
C:\Users\gnawa\Dropbox\Lewis University\OOP Assignment 1\booknotes\java\java-concurrency-in-practice\chapter-14\examples\src\main\java\Examples.java,Sync,tryReleaseShared/1[int],false,178,0,0,0,0,3,2,6,1,1,1,2,0,0,1,0,0,0,0,1,1,1,2,0,0,0,11,4,0,false
C:\Users\gnawa\Dropbox\Lewis University\OOP Assignment 1\booknotes\java\java-concurrency-in-practice\chapter-14\examples\src\main\java\Examples.java,Sync,tryAcquireShared/1[int],false,168,0,0,0,0,4,2,9,1,2,1,2,0,0,1,0,0,0,0,2,2,1,2,0,0,0,12,4,0,false
C:\Users\gnawa\Dropbox\Lewis University\OOP Assignment 1\booknotes\java\java-concurrency-in-practice\chapter-14\examples\src\main\java\Examples.java,Sync,Sync/1[int],true,164,0,0,0,0,1,1,3,0,0,1,1,0,0,0,0,0,0,0,0,0,0,0,0,0,0,4,4,0,false
C:\Users\gnawa\Dropbox\Lewis University\OOP Assignment 1\booknotes\java\java-concurrency-in-practice\chapter-14\examples\src\main\java\Examples.java,Sync,Sync/0,true,160,0,0,0,0,1,0,3,0,0,0,0,0,0,0,0,0,0,0,1,0,0,0,0,0,0,1,4,0,false
C:\Users\gnawa\Dropbox\Lewis University\OOP Assignment 1\booknotes\java\java-concurrency-in-practice\chapter-02\examples\src\main\java\Examples.java,UnsafeHitCounter,hit/0,false,16,0,0,0,0,1,0,3,0,0,0,0,0,0,0,0,0,0,0,0,0,0,0,0,0,0,2,1,0,false
C:\Users\gnawa\Dropbox\Lewis University\OOP Assignment 1\booknotes\java\java-concurrency-in-practice\chapter-02\examples\src\main\java\Examples.java,UnsafeHitCounter,getHits/0,false,12,0,0,0,0,1,0,3,1,0,0,0,0,0,0,0,0,0,0,0,0,0,0,0,0,0,3,1,0,false
C:\Users\gnawa\Dropbox\Lewis University\OOP Assignment 1\booknotes\java\java-concurrency-in-practice\chapter-02\examples\src\main\java\Examples.java,SafeCache,getValue/1[int],false,74,0,0,0,0,1,1,3,1,0,1,1,0,0,0,0,0,0,0,1,0,0,0,0,0,0,3,1,0,false
C:\Users\gnawa\Dropbox\Lewis University\OOP Assignment 1\booknotes\java\java-concurrency-in-practice\chapter-02\examples\src\main\java\Examples.java,SafeCache,setValue/1[int],false,78,0,0,0,0,1,2,3,0,0,1,2,0,0,0,0,0,0,0,2,0,1,0,0,0,0,3,1,0,false
C:\Users\gnawa\Dropbox\Lewis University\OOP Assignment 1\booknotes\java\java-concurrency-in-practice\chapter-11\examples\src\main\java\Examples.java,LockScopeExample,"addUserLocation/2[String,String]",false,8,0,0,0,0,1,0,1,0,0,2,0,0,0,0,0,0,0,0,0,0,0,0,0,0,0,4,0,0,false
C:\Users\gnawa\Dropbox\Lewis University\OOP Assignment 1\booknotes\java\java-concurrency-in-practice\chapter-11\examples\src\main\java\Examples.java,LockScopeExample,"userLocationMatches/2[String,String]",false,9,0,0,0,0,1,0,1,0,0,2,0,0,0,0,0,0,0,0,0,0,0,0,0,0,0,4,0,0,false
C:\Users\gnawa\Dropbox\Lewis University\OOP Assignment 1\booknotes\java\java-concurrency-in-practice\chapter-01\examples\src\main\java\Examples.java,Examples$SafeSequence,getNext/0,false,13,0,1,1,0,1,0,3,1,0,0,0,0,0,0,0,0,0,0,0,0,0,0,0,0,0,3,33,0,false
C:\Users\gnawa\Dropbox\Lewis University\OOP Assignment 1\booknotes\java\java-concurrency-in-practice\chapter-10\examples\src\main\java\Examples.java,DeadlockExample,rightLeft/0,false,19,0,0,0,0,1,1,7,0,0,0,1,0,0,0,0,0,0,0,1,0,0,2,0,0,0,5,1,0,false
C:\Users\gnawa\Dropbox\Lewis University\OOP Assignment 1\booknotes\java\java-concurrency-in-practice\chapter-10\examples\src\main\java\Examples.java,DeadlockExample,leftRight/0,false,11,0,0,0,0,1,1,7,0,0,0,1,0,0,0,0,0,0,0,1,0,0,2,0,0,0,5,1,0,false
C:\Users\gnawa\Dropbox\Lewis University\OOP Assignment 1\booknotes\java\java-concurrency-in-practice\chapter-10\examples\src\main\java\Examples.java,NoDeadlockExample,rightLeft/0,false,40,0,0,0,0,1,1,7,0,0,0,1,0,0,0,0,0,0,0,1,0,0,2,0,0,0,5,1,0,false
C:\Users\gnawa\Dropbox\Lewis University\OOP Assignment 1\booknotes\java\java-concurrency-in-practice\chapter-10\examples\src\main\java\Examples.java,NoDeadlockExample,leftRight/0,false,32,0,0,0,0,1,1,7,0,0,0,1,0,0,0,0,0,0,0,1,0,0,2,0,0,0,5,1,0,false
C:\Users\gnawa\Dropbox\Lewis University\OOP Assignment 1\booknotes\java\java-concurrency-in-practice\chapter-14\examples\src\main\java\Examples.java,AQS,push/1[T],false,146,1,0,0,0,1,3,7,0,0,1,3,0,0,0,0,0,0,0,2,0,0,1,0,0,0,5,1,0,false
C:\Users\gnawa\Dropbox\Lewis University\OOP Assignment 1\booknotes\java\java-concurrency-in-practice\chapter-14\examples\src\main\java\Examples.java,AQS,AQS/1[int],true,127,1,0,0,0,1,0,5,0,0,1,0,0,0,0,0,0,0,0,0,3,0,0,0,0,0,9,1,0,false
C:\Users\gnawa\Dropbox\Lewis University\OOP Assignment 1\booknotes\java\java-concurrency-in-practice\chapter-14\examples\src\main\java\Examples.java,AQS,getBound/0,false,155,1,0,0,0,1,0,3,1,0,0,0,0,0,0,0,0,0,0,0,0,0,0,0,0,0,3,1,0,false
C:\Users\gnawa\Dropbox\Lewis University\OOP Assignment 1\booknotes\java\java-concurrency-in-practice\chapter-14\examples\src\main\java\Examples.java,AQS,pop/0,false,134,2,0,0,0,1,5,9,1,1,0,5,0,0,0,0,0,0,0,4,1,2,1,0,0,0,5,1,0,false
C:\Users\gnawa\Dropbox\Lewis University\OOP Assignment 1\booknotes\java\java-concurrency-in-practice\chapter-02\examples\src\main\java\Examples.java,NonAtomicCompoundCache,setValue/1[int],false,64,0,0,0,0,2,3,5,0,0,1,3,0,0,0,0,0,0,0,2,0,1,1,0,0,0,3,1,0,false
C:\Users\gnawa\Dropbox\Lewis University\OOP Assignment 1\booknotes\java\java-concurrency-in-practice\chapter-02\examples\src\main\java\Examples.java,NonAtomicCompoundCache,getValue/1[int],false,60,0,0,0,0,1,1,3,1,0,1,1,0,0,0,0,0,0,0,1,0,0,0,0,0,0,3,1,0,false
C:\Users\gnawa\Dropbox\Lewis University\OOP Assignment 1\booknotes\java\java-concurrency-in-practice\chapter-16\examples\src\main\java\Examples.java,Synchronization,mutateState/0,false,6,0,0,0,0,1,0,1,0,0,0,0,0,0,0,0,0,0,0,0,0,0,0,0,0,0,2,0,0,false
C:\Users\gnawa\Dropbox\Lewis University\OOP Assignment 1\booknotes\java\java-concurrency-in-practice\chapter-16\examples\src\main\java\Examples.java,Synchronization,readState/0,false,7,0,0,0,0,1,0,1,0,0,0,0,0,0,0,0,0,0,0,0,0,0,0,0,0,0,2,0,0,false
C:\Users\gnawa\Dropbox\Lewis University\OOP Assignment 1\booknotes\java\java-concurrency-in-practice\chapter-14\examples\src\main\java\Examples.java,Stack,getBound/0,false,12,0,0,0,0,1,0,1,0,0,0,0,0,0,0,0,0,0,0,0,0,0,0,0,0,0,2,0,0,false
C:\Users\gnawa\Dropbox\Lewis University\OOP Assignment 1\booknotes\java\java-concurrency-in-practice\chapter-14\examples\src\main\java\Examples.java,Stack,pop/0,false,10,1,0,0,0,1,0,1,0,0,0,0,0,0,0,0,0,0,0,0,0,0,0,0,0,0,4,0,0,false
C:\Users\gnawa\Dropbox\Lewis University\OOP Assignment 1\booknotes\java\java-concurrency-in-practice\chapter-14\examples\src\main\java\Examples.java,Stack,push/1[T],false,11,0,0,0,0,1,0,1,0,0,1,0,0,0,0,0,0,0,0,0,0,0,0,0,0,0,5,0,0,false
C:\Users\gnawa\Dropbox\Lewis University\OOP Assignment 1\booknotes\java\java-concurrency-in-practice\chapter-04\examples\src\main\java\Examples.java,ListHelper,putIfAbsent/1[E],false,48,0,0,0,0,2,2,5,1,1,1,2,0,0,0,0,0,0,0,0,1,0,1,0,0,0,6,33,0,false
C:\Users\gnawa\Dropbox\Lewis University\OOP Assignment 1\booknotes\java\java-concurrency-in-practice\chapter-16\examples\src\main\java\Examples.java,PiggybackedSynchronization,readState/0,false,44,0,0,0,0,4,4,12,0,0,0,4,0,0,1,0,1,0,0,0,0,0,3,0,0,0,7,1,0,false
C:\Users\gnawa\Dropbox\Lewis University\OOP Assignment 1\booknotes\java\java-concurrency-in-practice\chapter-16\examples\src\main\java\Examples.java,PiggybackedSynchronization,mutateState/0,false,32,0,0,0,0,2,4,11,1,0,0,4,0,0,0,0,1,0,0,2,1,0,1,0,0,0,8,1,0,false
C:\Users\gnawa\Dropbox\Lewis University\OOP Assignment 1\booknotes\java\java-concurrency-in-practice\chapter-14\examples\src\main\java\Examples.java,IntrinsicConditionQueue,IntrinsicConditionQueue/1[int],true,19,0,0,0,0,1,0,3,0,0,1,0,0,0,0,0,0,0,0,0,1,0,0,0,0,0,4,1,0,false
C:\Users\gnawa\Dropbox\Lewis University\OOP Assignment 1\booknotes\java\java-concurrency-in-practice\chapter-14\examples\src\main\java\Examples.java,IntrinsicConditionQueue,getBound/0,false,47,1,0,0,0,1,0,3,1,0,0,0,0,0,0,0,0,0,0,0,0,0,0,0,0,0,3,1,0,false
C:\Users\gnawa\Dropbox\Lewis University\OOP Assignment 1\booknotes\java\java-concurrency-in-practice\chapter-14\examples\src\main\java\Examples.java,IntrinsicConditionQueue,push/1[T],false,37,1,0,0,0,2,4,7,0,0,1,4,1,1,1,0,0,0,0,0,0,0,1,0,0,0,10,33,0,false
C:\Users\gnawa\Dropbox\Lewis University\OOP Assignment 1\booknotes\java\java-concurrency-in-practice\chapter-14\examples\src\main\java\Examples.java,IntrinsicConditionQueue,isFull/0,false,56,0,0,0,0,2,1,3,1,0,0,1,0,0,0,1,0,0,0,0,0,0,0,0,0,0,3,2,0,false
C:\Users\gnawa\Dropbox\Lewis University\OOP Assignment 1\booknotes\java\java-concurrency-in-practice\chapter-14\examples\src\main\java\Examples.java,IntrinsicConditionQueue,pop/0,false,24,2,0,0,0,2,6,9,1,1,0,6,1,1,1,0,0,0,0,2,1,2,1,0,0,0,10,33,0,false
C:\Users\gnawa\Dropbox\Lewis University\OOP Assignment 1\booknotes\java\java-concurrency-in-practice\chapter-14\examples\src\main\java\Examples.java,IntrinsicConditionQueue,isEmpty/0,false,52,0,0,0,0,2,1,3,1,0,0,1,0,0,0,1,0,0,0,1,0,0,0,0,0,0,2,2,0,false
C:\Users\gnawa\Dropbox\Lewis University\OOP Assignment 1\booknotes\java\java-concurrency-in-practice\chapter-16\examples\src\main\java\Main.java,Main,main/1[String[]],false,6,2,0,0,0,1,1,4,0,0,1,1,0,0,0,0,0,0,0,2,0,0,0,0,0,0,7,9,0,false
C:\Users\gnawa\Dropbox\Lewis University\OOP Assignment 1\booknotes\java\java-concurrency-in-practice\chapter-16\examples\src\main\java\Main.java,Main,"testSynchronization/2[Examples.Synchronization,int]",false,11,1,0,0,0,3,7,15,1,2,2,7,0,0,1,0,0,1,7,3,2,4,2,0,0,0,21,10,0,false
C:\Users\gnawa\Dropbox\Lewis University\OOP Assignment 1\booknotes\java\java-concurrency-in-practice\chapter-01\examples\src\main\java\Chapter01.java,Chapter01,main/1[java.lang.String[]],false,6,3,5,0,5,1,4,8,0,2,1,4,1,1,0,0,0,0,0,0,2,0,0,0,0,0,6,9,0,false
C:\Users\gnawa\Dropbox\Lewis University\OOP Assignment 1\booknotes\java\java-concurrency-in-practice\chapter-01\examples\src\main\java\Chapter01.java,Chapter01,parallelize/1[java.lang.Runnable],false,20,0,1,1,0,3,4,13,0,2,1,4,0,0,1,0,1,0,0,4,2,0,1,0,0,0,11,9,0,false
C:\Users\gnawa\Dropbox\Lewis University\OOP Assignment 1\booknotes\java\java-concurrency-in-practice\chapter-16\examples\src\main\java\Examples.java,UnsynchronizedExample,mutateState/0,false,13,0,0,0,0,2,3,9,0,0,0,3,0,0,0,0,1,0,0,1,1,0,1,0,0,0,8,1,0,false
C:\Users\gnawa\Dropbox\Lewis University\OOP Assignment 1\booknotes\java\java-concurrency-in-practice\chapter-16\examples\src\main\java\Examples.java,UnsynchronizedExample,readState/0,false,23,0,0,0,0,2,0,4,0,0,0,0,0,0,1,0,0,0,0,0,0,0,1,0,0,0,4,1,0,false
C:\Users\gnawa\Dropbox\Lewis University\OOP Assignment 1\booknotes\java\java-concurrency-in-practice\chapter-02\examples\src\main\java\Chapter02.java,Chapter02,testCache/1[Examples.Cache],false,37,1,1,0,1,4,6,18,0,5,1,6,1,1,1,2,0,0,3,7,5,1,2,0,0,2,19,9,0,false
C:\Users\gnawa\Dropbox\Lewis University\OOP Assignment 1\booknotes\java\java-concurrency-in-practice\chapter-02\examples\src\main\java\Chapter02.java,Chapter02,main/1[java.lang.String[]],false,7,6,1,0,1,1,5,20,0,5,1,5,1,1,0,0,0,0,6,2,5,0,0,0,0,0,21,9,0,false
C:\Users\gnawa\Dropbox\Lewis University\OOP Assignment 1\booknotes\java\java-concurrency-in-practice\chapter-02\examples\src\main\java\Chapter02.java,Chapter02,"parallelize/2[int,java.lang.Runnable[]]",false,59,0,2,2,0,4,4,15,0,2,2,4,0,0,2,0,1,0,0,3,2,0,2,0,0,0,14,9,0,false
C:\Users\gnawa\Dropbox\Lewis University\OOP Assignment 1\booknotes\java\java-concurrency-in-practice\chapter-02\examples\src\main\java\Examples.java,Cache,getValue/1[int],false,34,0,0,0,0,1,0,1,0,0,1,0,0,0,0,0,0,0,0,0,0,0,0,0,0,0,3,0,0,false
C:\Users\gnawa\Dropbox\Lewis University\OOP Assignment 1\booknotes\java\java-concurrency-in-practice\chapter-02\examples\src\main\java\Examples.java,Cache,setValue/1[int],false,35,0,0,0,0,1,0,1,0,0,1,0,0,0,0,0,0,0,0,0,0,0,0,0,0,0,3,0,0,false
C:\Users\gnawa\Dropbox\Lewis University\OOP Assignment 1\booknotes\java\java-concurrency-in-practice\chapter-10\examples\src\main\java\Examples.java,LeftRight,rightLeft/0,false,4,0,0,0,0,1,0,1,0,0,0,0,0,0,0,0,0,0,0,0,0,0,0,0,0,0,4,1,0,false
C:\Users\gnawa\Dropbox\Lewis University\OOP Assignment 1\booknotes\java\java-concurrency-in-practice\chapter-10\examples\src\main\java\Examples.java,LeftRight,leftRight/0,false,3,0,0,0,0,1,0,1,0,0,0,0,0,0,0,0,0,0,0,0,0,0,0,0,0,0,4,1,0,false
